岗位名称,工作地点,职位类型,招聘人数,工作职责,工作要求
MIG16-MIG16-地图数据系统高级开发工程师,北京,技术类,1人,"['1. 参与地图数据全业务子系统的系统建设、架构设计、功能开发和优化等工作', '2. 负责地图数据业务后台的系统架构设计和模块开发， 为地图数据业务开发高性能、低延迟的数据存储、访问系统和数据流系统', '3. 负责道路数据和用户轨迹数据的挖掘体系和平台建设，为机器学习、数据方案的实施提供便捷的工程工具和系统支持； ', '4. 负责腾讯LBS数据生产平台后端的系统功能和模块研发， 为作业编辑提供高效、自动化的平台后端支持']","['1. 计算机或者gis相关专业毕业，熟悉常见的数据结构和算法设计，至少会c、c++、python、java中的一种编程语言，优秀的工程能力', '2. 对网络编程、数据库编程、数据库存储优化、操作系统、常见的分布化redis、postgres/mysql有较多的经验积累和理解，参与过大型业务系统的设计开发', '3. 具备较强的业务问题理解分析能力和学习能力， 能够应用新技术、提出新想法解决业务问题', '4. 有以下条件优先：', 'a. 有微服务、缓存&数据库中间件、数据流系统等工作经验者优先', 'b. 有storm/hadoop/spark/kafka/hbase等开源框架经验优先；同时有相关机器学习学习和实践背景更佳', 'c. 具备地图数据方向的相关后台研发经验优先']"
MIG16-地图数据系统高级开发工程师,北京,技术类,1人,"['1.  参与地图数据全业务子系统的系统建设、架构设计、功能开发和优化等工作', '2.  负责地图数据业务后台的系统架构设计和模块开发， 为地图数据业务开发高性能、低延迟的数据存储、访问系统和数据流系统', '3.  负责道路数据和用户轨迹数据的挖掘体系和平台建设，为机器学习、数据方案的实施提供便捷的工程工具和系统支持； ', '4.  负责腾讯LBS数据生产平台后端的系统功能和模块研发， 为作业编辑提供高效、自动化的平台后端支持']","['1.  计算机或者gis相关专业毕业，熟悉常见的数据结构和算法设计，至少会c、c++、python、java中的一种编程语言，优秀的工程能力', '2.  对网络编程、数据库编程、数据库存储优化、操作系统、常见的分布化redis、postgres/mysql有较多的经验积累和理解，参与过大型业务系统的设计开发', '3.  具备较强的业务问题理解分析能力和学习能力， 能够应用新技术、提出新想法解决业务问题', '4.  有以下条件优先：', '    a.  有微服务、缓存&数据库中间件、数据流系统等工作经验者优先', '    b.  有storm/hadoop/spark/kafka/hbase等开源框架经验优先；同时有相关机器学习学习和实践背景更佳', '    c.  具备地图数据方向的相关后台研发经验优先']"
MIG07-电脑管家客户端开发工程师（深圳）,深圳,技术类,1人,"['负责电脑管家开发维护工作；', '负责各个主要功能模块架构设计和开发；', '跟进和解决发布后的程序稳定问题与性能优化。']","['热爱技术，积极主动;', '掌握windows操作系统的内存管理、文件系统、进程线程调度、界面、图形系统、网络等技术；', '掌握MFC/windows界面实现机制，熟悉常用UI框架更佳；', '熟练使用VC，熟悉C/C++/STL/MFC/COM/ATL；', '熟悉windows调试，熟悉windbg；', '掌握脚本语言如Python优先。']"
TEG04-高级运维工程师(深圳),深圳,技术类,1人,"['负责部门基础服务和业务的运维工作，设计和规划业务的高可用性、故障解决、容灾部署和演练等；', '负责自动化运维能力的设计、开发和优化，提升运营效率；                                         ', '负责容器平台、存储服务、数据分析平台的规划建设和运维。']","['本科以上学历，计算机软件或相关专业；', '3年以上基础架构、系统运维、互联网业务运维相关工作经验；', '深入掌握unix/linux系统的使用，掌握php、python其中一种语言，具备一定的运营开发能力； ', '有一定的运维开发经验，有大型业务系统运维经验优先；                                                 ', '熟悉ceph、docker、spark、hadoop、devops相关等技术优先；', '较强的学习接受能力，高度的责任心、良好的沟通技巧和团队合作精神。']"
MIG03-后台开发工程师（深圳）,深圳,技术类,1人,['负责MIG无线研发管理平台建设，包括但不限于持续交付、异常上报、组件管理。'],"['本科以上学历，具有多年后台开发经验；', ' 熟悉Linux/Unix环境，精通Java开发，熟悉HTTP/TCP/UDP协议，熟悉Python、Shell等脚本语言；', ' 具备优秀的学习能力、熟悉常用数据库操作、对系统架构及异常处理等服务细节有一定认识；', ' 具备优秀的分析解决问题能力和沟通协作能力；']"
TEG02-控制器研发工程师（北京）,北京,技术类,3人,"['跟踪与分析网络（尤其是SDN网络）的前沿技术、标准、产品以及解决方案；', '从事腾讯SDN网络解决方案设计与系统开发；', '负责SDN 控制器的设计与开发；', '从事腾讯开源网络项目管理与维护；', '协调周边团队，推动方案设计顺利落地。']","['本科及以上，4年以上IT信息、网络等工作经验；', '对面向对象的设计模式有深入了解；', '精通Java/python/C++等语言，具备良好语言的开发能力与技巧，能编写核心模块代码；', '精通TCP/IP协议栈，以及OSPF、BGP等主流路由协议；', '5、具有SDN控制器或Openstack网络的分析或开发经验。', '参加过Openstack Neutron、OpenDaylight、ONOS、OpenvSwitch等任意一项开源项目；', '具有良好的沟通能力，良好的书面和口头表达能力，较高的文档撰写水平；', '能进行熟练的英文读写，具有流利的口语交流能力；', '思维缜密，逻辑性强，具有挑战精神和前瞻性，良好的团队协作精神。']"
HY1-ios测试开发工程师（上海）,上海,技术类,1人,"['负责WeTest云测试平台测试技术在游戏业务中的落地；', '负责WeTest云测试平台上测试工具的优化与新技术的研究；']","['本科5年硕士3年以上，熟悉C++或Java，熟悉至少一门脚本语言，如Shell，Python等。', '熟练使用Linux系统，熟悉TCP/IP、HTTP等网络编程协议，熟悉Socket网络编程。', '熟悉软件测试理论、方法和过程，对测试流程、测试用例设计方法有较好理解和掌握；', '熟悉常用的安卓或iOS自动化测试框架，有多个完整项目的成功经验，对自动化测试有深入全面的理解。', '熟悉持续集成，有一定工具开发经验，有做过AI测试相关探索的优先。', '热爱测试，有足够的沟通和团队协作能力，能够快速准确理解产品需求规格，做事积极主动，乐于学习，能够承担有挑战性工作。']"
HY1-自然语言处理算法工程师（深圳）,深圳,技术类,1人,"['负责腾讯游戏或社区平台内容相关的风险监控，发现风险及风控策略实施；', '负责语义理解、知识图谱构建，分类/聚类，情感分析和质量识别工作。']","['计算机或相关专业本科及以上学历，1年以上相关工作经验；', '责任感强、有较强的逻辑思维能力、沟通能力和抗压能力；', '掌握数据分析方法，深入理解常见机器学习算法、有深度学习经验者优先；', '有linux使用经验，能够熟练使用python进行海量数据分析；', '熟悉分词、词性标注、命名实体识别、文本分类、聚类等常用NLP算法，Deep Learning for NLP研究背景者优先。']"
HY1-手机游戏测试开发工程师(深圳),深圳,技术类,1人,"['负责移动终端网络游戏测试工作和移动游戏测试工具开发工作；', '负责与研发团队及运营团队的沟通协调，把控游戏发布品质；', '负责制定测试方案、计划，并跟踪实施，监控项目外网质量并实施改进；', '负责移动游戏测试中，需要应用到的测试工具开发。']","['本科以上学历，2年以上开发或测试经验；', '具备扎实的计算机基础，精通操作系统和算法结构；', '熟悉android或IOS应用开发或测试工作；', '精通C/C++，熟悉多进程编程和进程间通讯；', '熟悉常见网络协议，http、tcp/ip协议，熟悉shell/Python/lua脚本语言优先；', '熟悉至少一门开发或者脚本语言，C++、C、C#、java、php、python优先；', '熟悉主流操作系统原理（windows、linux、android、ios）、网络协议等，有过前后端性能、安全、兼容等测试经验；', '熟悉开源缺陷及项目管理工具的部署，有二次开发经验者优先。']"
HY1-高级运维工程师（深圳）,深圳,技术类,1人,"['负责游戏基础服务的业务运维工作，保障服务处于高可用的水平，包括日常的部署、升级、扩容、缩容、告警处理、故障解决、容灾演练等；', '负责运维规范、运营体系能力建设，不断提升运营水平；', '通过容灾演练、运营能力评审等活动，指出系统存在的运营能力短板，促使业务优化改进；', '负责硬件设备的采购预算，根据业务需求制定合理的运维计划。']","['3年以上工作经验，熟悉linux操作系统运维，具有快速定位系统问题能力;', '至少能够熟练应用shell，python之一进行脚本化编程;', '熟练应用awk, sed, grep, strace, tcpdump工具;', '熟悉互联网产品的运维流程，有高可用服务运营产品架构规划、调优的项目经验;', '强烈的责任心、良好的沟通和协调能力;', '计算机或相关专业本科或以上学历，工作细致、善于思考，有很强的数据分析和问题解决能力。']"
15760-游戏测试开发工程师（上海）,上海,技术类,2人,"['负责设计开发游戏业务测试相关的测试框架、测试工具与测试组件；', '负责网络游戏前后台程序性能分析、白盒测试等专项测试；', '负责网络游戏自动化测试相关工作。']","['具备扎实的计算机基础，精通常用算法和结构；', '精通C/C++，熟悉多进程编程和进程间通讯，熟悉linux网络开发；', '熟悉移动游戏或端游各种专项测试优先；', '熟悉tcp/ip协议，熟悉mysql或其他大型数据库，熟悉shell/Python/Perl脚本语言优先；', '责任心强，良好的沟通能力和团队协作能力；', '本科以上学历，至少2年开发或测试开发经验。']"
SA-腾讯社交广告算法工程师（研发中心 北京）,北京,技术类,3人,"['腾讯社交广告系统后台质量研发，偏重算法策略研究、设计与实现，参加以下一到多项工作：', '用户画像建模 && 广告精准定向技术；', '广告排序算法 && 策略优化；', '广告转化率预估 && 转化策略优化;', '广告素材(文本和图片)语义特征挖掘；', '广告用户体验优化；', '广告 A/B Test 实验系统；', '大规模并行机器学习系统建设。']","['本科及以上学历，硕士、博士优先，2年以上相关工作经验；', '具备扎实的数据结构和算法功底，编码强悍；', '熟悉 Linux 开发环境，精通 C/C++，熟悉 Python、Java 更好；', '具有扎实的数据结构和算法功底； 熟练使用 C/C++ || Python || Java || Scala；', '数据挖掘 || 自然语言处理 || 机器学习；', '有海量数据处理经验，熟悉 Hadoop || Storm || Spark；', '有广告、搜索引擎、推荐系统相关技术经验者优先；', '较强学习能力 && 逻辑思维能力 && 具备良好的问题分析与解决能力；', '善于沟通，工作积极主动，责任心强，具备良好的团队协作能力。']"
MIG09-NLP算法高级工程师,深圳,技术类,2人,"['1. 负责 query 分析，包括不限于分类、合并、关键词提取、歧义消解、同义词库、相关词库建设', '2. 负责语义理解能力的建设，识别用户 query 背后的意图并给出 query 与 doc/资源的语义相关性计算', '3. 联想词能力建设', '4. 使用 CNN、DNN 等业界新方法提升现有 NLP 相关能力', '5. 负责相关人才培养']","['1. 计算机或相关专业本科及以上学历，3 年以上工作经验（2 年以上自然语言处理工作），具备丰富的机器学习算法实践经验', '2. 熟悉 C++、Java、Scala、Python 等一门或多门编程语言', '3. 要求有机器学习/数据挖掘/信息检索/深度学习/神经网络实践经验', '4. 有智能助手、对话系统建设经验者优先', '5. 良好的逻辑思维能力和数据敏感度，能从海量数据中发现有价值的规律', '6. 能够阅读英文技术文档和论文，具有良好的自学能力', '7. 有很强的技术选型及规划能力、较好的沟通能力、积极主动，愿意接受挑战，抗压能力强']"
15851-后台开发工程师,深圳,技术类,1人,"['1. 负责MMORPG游戏交易监控系统开发、维护；', '2. 根据系统搭建文档，开发对接服务侧、游戏侧的工单管理平台P-SAP的工单接口；', '3. 深度挖掘游戏运营数据，根据脚本策划文档搭建数据监控体系；', '4. 利用爬虫技术，对游戏外第三方交易平台形成有效监控体系；', '5. 根据策划文档，搭建、完善并持续跟进脚本监控-打击体系；', '6. 配合运营人员，持续挖掘新型违规交易模式，并跟进迭代打击。']","['1. 本科及以上学历，3年以上工作经验；', '2. 优秀的Python开发能力、数据建模能力，熟悉数据挖掘算法优先；', '4. 与运营侧形成有效合作，开发监控系统、脚本上线，对质量负责；', '5. 对游戏内违规交易行为有清晰了解，具有逻辑理解能力；', '6. 对工作室、交易平台的违规交易行为有深入了解；', '7. 深度接触一款以上具有开放式交易经济系统的MMORPG游戏优先。']"
15851-后台开发工程师,深圳,技术类,1人,"['1. 负责MMORPG游戏交易监控系统开发、维护；', '2. 根据系统搭建文档，开发对接服务侧、游戏侧的工单管理平台P-SAP的工单接口；', '3. 深度挖掘游戏运营数据，根据脚本策划文档搭建数据监控体系；', '4. 利用爬虫技术，对游戏外第三方交易平台形成有效监控体系；', '5. 根据策划文档，搭建、完善并持续跟进脚本监控-打击体系；', '6. 配合运营人员，持续挖掘新型违规交易模式，并跟进迭代打击。']","['1. 本科及以上学历，2年以上工作经验；', '2. 优秀的Python开发能力、数据建模能力，熟悉数据挖掘算法优先；', '4. 与运营侧形成有效合作，开发监控系统、脚本上线，对质量负责；', '5. 对游戏内违规交易行为有清晰了解，具有逻辑理解能力；', '6. 对工作室、交易平台的违规交易行为有深入了解；', '7. 深度接触一款以上具有开放式交易经济系统的MMORPG游戏优先。']"
OMG236-腾讯视频搜索排序工程师(深圳),深圳,技术类,1人,"['负责视频搜索产品中的离线及在线打分研发和持续优化； ', '挖掘不同特征维度，并能通过大数据工具平台进行模型检验和线上测试；', '基于大规模用户行为及其他海量数据，优化已有搜索排序基础算法及策略；', '和业务团队深入合作，通过算法解决产品运营中持续变化的诉求，提升用户体验；', '引入和运用机器学习等技术新成果，升级搜索算法核心，提升搜索结果的质量。']","['熟悉搜索引擎系统的架构，具备3年以上搜索或推荐类产品后台的算法研发经验；', '了解常用排序、特征提取分析等领域算法，理解算法思想，并有实际应用经验；', '具备较好的数学背景，熟悉机器学习原理与算法；', '有数据统计分析、新闻或资料等的分类、聚集等成熟经验；', '熟悉hadoop、spark等大数据分析平台；', '熟悉linux平台，精通c++，熟悉python，具有良好的编程习惯和算法基础；', '有LTR(Learning to Rank)、大规模并行化机器学习研发经历优先；', '了解相关领域的最新进展，能够将前沿方法引入到工作中不断提升效果。']"
OMG236-腾讯视频搜索数据模型高级工程师(北京),北京,技术类,1人,"['负责建设和聚集腾讯视频相关日志和数据，挖掘提取显性和隐性特征；', '熟练应用机器学习技术， 根据视频业务逻辑，进行基础算法和模型的建设；', '为海量数据建模提供大规模分布式的计算解决方案；']","['五年以上大规模数据挖掘相关工作经验；', '精通机器学习算法及其原理，对算法特点有深刻理解，能快速制定算法实现方案和进行业务算法创新；', '熟悉c++/java/python等一门以上编程语言，对算法有较强的实现能力；', '具备优秀的分析和解决问题的能力，良好的沟通和学习能力。']"
MIG06-应用宝数据挖掘算法工程师（深圳）,深圳,技术类,1人,"['1、负责应用宝用户画像相关的数据挖掘工作，通过模型算法和海量行为数据挖掘用户兴趣标签，需求图谱等。', '2、负责应用宝用户画像在特定推荐场景的应用和算法优化。', '3、负责应用宝数据集市建设工作，包括中间表的设计和海量计算效率的优化等。']","['1、熟练掌握常用的机器学习算法（包括LR、GBDT、RF、SVM等），有三年以上机器学习相关算法工作经验；有深度学习项目经验者优先。', '2、熟悉大数据平台，并且有两年以上hadoop相关工作经验，熟悉saprk者优先。', '3、熟练掌握数据库的相关操作，熟悉HIVE SQL，有数据存储优化经验者优先。 ', '4、熟悉linux开发环境，熟练掌握shell、python等脚本变成语言，有scala开发经验者优先。', '5、本科及以上学历，硕博士优先，计算机、数学、通信相关专业。', '6、对大数据感兴趣，对新技术有好奇心，有用户兴趣挖掘经验者优先。', '、具备良好的逻辑分析能力、组织沟通能力和团队精神，乐于分享、勇于承担。']"
25663-智慧零售行业企业架构师（北京/上海/深圳/成都）,成都,技术类,3人,"['1、熟悉快消零售行业业务，并能对零售快消业务架构组成进行需求分析，同时能针对云计算产品规划出云解决方案，针对云上架构进行优化设计；', '2、能从网络、服务器、数据中心等不同层面设计传统企业上云的服务架构，能提供IaaS/SaaS/PaaS/DaaS不同层级的解决方案；', '3、确保重点项目的拆解和落地，推进项目实施以及解决方案可复制，推动跨部门合作，推动架构和产品优化；', '4、了解行业技术发展变革方向，能针对云服务特点在行业解决方案上有前瞻性布局。']","['1、有3年以上服务端开发、运维经验，熟悉Java/Scala/Python/PHP/C/C++至少一种开发语言以及对应开发框架，熟悉高并发处理机制，有海量业务的架构、研发、运维、优化经验；', '2、有成功的传统企业系统的大型应用经验，有面向客户沟通交流、调研需求、宣讲架构的能力，有过零售行业ERP、POS、CRM系统建设经验优先；', '3、熟悉Hadoop、Mysql、PostgreSQL、NoSQL、Oracle、Teradata、DB2等数据库中至少一种数据中心建设方案，可以进行产品的独立部署、高可用架构和性能优化，熟悉开源社区解决方案。', '4、熟悉网络架构、虚拟化、分布式存储，深入理解IT基础设施领域，如服务器、网络设备的技术和架构，有IT交付经验优先；', '5、具备团队合作经验，学习能力强，抗压能力强；', '6、具备良好的文档能力，善于总结沟通，清晰表达技术观点和架构意图，能熟练的编写技术文档', '7、有一定的项目管理经验，能进行需求管理、期望管理、团队协作管理，有和ISV管理合作经验优先', '8、有PMP认证优先。']"
WXG06-116 微信支付测试开发工程师（深圳）,深圳,技术类,2人,"['负责研发基础设施及自测工具/平台的设计、开发及维护；', '负责SOA治理项目的落地；', '负责自动化测试的能力提升，用例覆盖度提高，以及配套平台和特性的开发支持。']","['本科及以上学历，计算机软件、通信、电子相关专业；', '3年以上软件开发／测试开发／运维开发经验，能独立完成需求分析、方案设计及编码工作；', '熟悉linux系统使用，熟练掌握python/shell脚本语言，有C/C++编程基础；', '对常用数据结构和算法，数据库操作，进程间通信，网络协议等有较好掌握；', '熟悉抓包工具等业界常用的一些测试辅助工具；', '有自动化以及持续集成相关的建设经验和熟悉相关方法论；', '具备良好的文档能力及沟通能力，快速学习能力及独立解决问题的问题。']"
WXG06-143 微信支付后台策略安全工程师（广州）,广州,技术类,2人,"['负责微信支付业务安全中的部分体系建设，包括业务安全风险分析，安全监控建设，安全数据挖掘，安全策略模型建设，能有效的发现和识别安全威胁，管控安全风险；', '负责业务安全的数据平台和策略模型的建立，通过大数据建模方式，建立 安全态势感知、人机行为识别 等风控能力。']","['本科及以上学历； ', '3年以上的后台策略安全工作经验；', '熟悉指纹特征识别，爬虫识别，防刷，反垃圾，账号安全等业务安全领域的恶意识别和打击手段；', '精通统计分析方法、机器学习、大数据建模方法，具备优秀的逻辑思维能力及数据分析能力，有很强的数据敏感度及自我驱动力；', '具备较强的学习能力、动手能力、沟通能力、团队合作意识及综合分析能力；', '熟悉linux开发环境，有C++编码经验，熟练掌握SQL和至少一种脚本语言（如python等）；', '有一定的项目管理或推动工作经验；', '熟悉spark，hadoop等大数据平台上的数据分析者优先；', '具备优秀安全基础能力并对安全有浓厚兴趣者优先；', '有互联网支付公司或金融公司安全工作经验者优先。']"
WXG06-116 微信支付测试开发工程师（广州）,广州,技术类,2人,"['负责研发基础设施及自测工具/平台的设计、开发及维护；', '负责SOA治理项目的落地；', '负责自动化测试的能力提升，用例覆盖度提高，以及配套平台和特性的开发支持。']","['本科及以上学历，计算机软件、通信、电子相关专业；', '3年以上软件开发／测试开发／运维开发经验，能独立完成需求分析、方案设计及编码工作；', '熟悉linux系统使用，熟练掌握python/shell脚本语言，有C/C++编程基础；', '对常用数据结构和算法，数据库操作，进程间通信，网络协议等有较好掌握；', '熟悉抓包工具等业界常用的一些测试辅助工具；', '有自动化以及持续集成相关的建设经验和熟悉相关方法论；', '具备良好的文档能力及沟通能力，快速学习能力及独立解决问题的问题。']"
WXG06-143 微信支付后台策略安全工程师（深圳）,深圳,技术类,2人,"['负责微信支付业务安全中的部分体系建设，包括业务安全风险分析，安全监控建设，安全数据挖掘，安全策略模型建设，能有效的发现和识别安全威胁，管控安全风险；', '负责业务安全的数据平台和策略模型的建立，通过大数据建模方式，建立 安全态势感知、人机行为识别 等风控能力。']","['本科及以上学历； ', '3年以上的后台策略安全工作经验；', '熟悉指纹特征识别，爬虫识别，防刷，反垃圾，账号安全等业务安全领域的恶意识别和打击手段；', '精通统计分析方法、机器学习、大数据建模方法，具备优秀的逻辑思维能力及数据分析能力，有很强的数据敏感度及自我驱动力；', '具备较强的学习能力、动手能力、沟通能力、团队合作意识及综合分析能力；', '熟悉linux开发环境，有C++编码经验，熟练掌握SQL和至少一种脚本语言（如python等）；', '有一定的项目管理或推动工作经验；', '熟悉spark，hadoop等大数据平台上的数据分析者优先；', '具备优秀安全基础能力并对安全有浓厚兴趣者优先；', '有互联网支付公司或金融公司安全工作经验者优先。']"
MIG03-高级后台测试工程师（深圳）,深圳,技术类,1人,"['负责MIG创新医疗产品的底层后台质量保障工作，负责和产品开发等人员密切合作发布高质量产品', '挖掘能提升测试质量和效率的自动化或工具需求，并能独立完成工具架构的设计、编码等工作', '根据业务需求，制定测试方案，设计测试用例，测试数据准备，测试执行，问题跟进等']","['计算机相关专业，本科及以上学历，五年以上互联网测试工作经验； ', '有较丰富的C或C++或Java编程经验和能力', '熟悉Linux、mysql数据库原理和基础操作', '掌握Python/PHP/Perl其中一种脚本语言优先', '熟悉主流的web项目开发技术者优先', '有性能、安全、白盒测试等专业测试领域经验者优先', '具有测试框架开发经验者优先', '具有较强的问题定位和分析能力', '具备创新性思维、较强的抗压能力和良好的沟通能力']"
MIG03-车联网测试负责人（深圳）,深圳,技术类,2人,"['负责腾讯车联网测试工作；', '跟进分析车联网业务的需求、项目进展、外部合作方式，制定相应的测试方案、测试计划、质量目标，并且设计与项目相匹配的测试方法来保证项目质量目标；', '跟进建设自动化测试、性能测试，稳定性测试，并且帮助团队整体上的质量和效率的而提升；', '推动研发流程改进，通过黑盒以及API测试等手段进行质量保证工作，提升产品提测质量；']","['计算机相关专业本科学历，五年以上软件测试、测试开发、开发经验；精通测试理论和方法；', '有软件的开发或者测试经验，对需求有深入理解，并且能够根据项目特点制定测试方案、制定项目质量目标，制定测试计划，可以很好的根据项目周期调整来协调资源以保证产品质量的输出；', '需要有较强的测试团队管理经验；', '具备良好的沟通能力、协调能力、团队合作能力，定位&深入分析问题能力，强烈的责任心、团队感、积极主动的工作态度；', '有硬件相关项目测试经验,熟悉车厂或车机的质量标准和验收方法,有多方合作测试经验者优先；', '熟悉java、python开发经验者优先.']"
MIG03-智能产品测试经理（深圳）,深圳,技术类,1人,"['1、根据组内项目情况，定制团队工作计划，按照测试计划保证测试工作的质量；', '2、负责测试工具和测试手段的不断完善创新，引入新的测试框架和策略，最大限度提高测试效率和质量；', '3、把控团队内业务情况，收集、统计和分析测试反馈，对测试方案可能出现问题进行评估改进；', '4、利用大数据处理分析、算法分析等测试手段解决研发过程问题，提升产品质量；', '5、研究AR、VR和AI相关产品的评测及性能优化方法，建设整体测试质量评估体系，包括自动化建设，并落实项目。']","['1、计算机或者相关专业，本科及以上学历，5年以上品质管理或产品开发经验，且2年以上团队管理经验；', '2、对软件测试质量保证、软件测试流程和方法有良好的理解和积累，在软件研发过程中熟知常用质量控制手段；', '3、熟练掌握至少一种编程语言，包括但不限于C/C++、Java、Python、Shell等，具备自动化测试及框架建设经验；', '4、具有较坚实的理论基础，有追求卓越的理想和团队合作精神，愿意学习和开辟新领域者；', '5、有模式识别学习经历、工作经历的优先；', '6、有学习研究过人工智能、机器学习、大数据分析、应用数学等优先。']"
SA-腾讯社交广告数据分析工程师（微信广告方向）,深圳,技术类,2人,"['负责针对特定的广告行业需求，基于大规模用户数据，对用户兴趣、偏好进行数据挖掘和分析；', '负责分析挖掘广告主感兴趣的人群，协助广告主在广点通系统中进行广告定向投放；', '负责通过数据分析追踪广告投放效果，推动特定广告行业的效果优化。']","['良好的统计分析基础，熟练掌握数据分析的体系流程与方法，较高的数据敏感性，熟悉常用的机器学习、数据挖掘算法；', '熟练掌握SQL，熟悉(Python/R)等语言及相关库包，熟悉 Hadoop || Spark 等分布式计算和存储平台；', '参与过完整的数据采集、清洗、数据整理、指标设计、数据分析和输出报告者优先；', '优秀的逻辑思维能力，沟通表达能力，方案输出与展示能力；', '善于沟通，工作积极主动，责任心强，具备良好的团队协作能力；', '有广告相关背景优先；']"
MIG09-QQ浏览器搜索算法高级研究员,深圳,技术类,1人,"['1. 负责 query 分析，包括不限于分类、合并、关键词提取、歧义消解、同义词库、相关词', '库建设；', '2. 负责语义理解能力的建设，识别用户 query 背后的意图并给出 query 与 doc/资源的语义', '相关性计算；', '3. 联想词能力建设；', '4. 使用 CNN、DNN 等业界新方法提升现有 NLP 相关能力；', '5. 负责相关人才培养']","['1. 计算机或相关专业本科及以上学历，3年以上工作经验（1 年以上自然语言处理工作），', '具备丰富的机器学习算法实践经验；', '2. 熟悉 C++、java、scala、python 等一门或多门编程语言；', '3. 要求有 机器学习/数据挖掘/信息检索/深度学习/神经网络 实践经验；', '4. 有智能助手、对话系统建设经验者优先；', '5. 良好的逻辑思维能力和数据敏感度，能从海量数据中发现有价值的规律；', '6. 能够阅读英文技术文档和论文，具有良好的自学能力；', '7. 有很强的技术选型及规划能力、较好的沟通能力、积极主动，愿意接受挑战，抗压能', '力好。']"
GY0-运营开发工程师（深圳）,深圳,技术类,1人,"['负责国际业务部整体运维能力平台的设计、开发工作；', '负责跟进平台的需求收集及反馈、优化；', '研究新兴运维技术，持续优化系统架构。']","['本科以上学历，2年以上运维经验，2年以上运维自动化平台研发经验；', '精通php/python/javascript /等web开发技术，精通LAMP架构下的开发，熟悉html/css；', '具有mysql等应用开发的经验，精通数据结构设计；', '熟悉linux系统，掌握shell脚本；', '理解DevOps工作模式和目标；', '同时具有linux下C、C++编程经验者优先；', '具有责任心、良好的沟通技巧和团队合作精神。']"
22989-腾讯云运营产品中心PHP运营开发工程师（深圳）,深圳,技术类,1人,"['负责腾讯云官网活动后台的架构设计和开发； ', '负责活动平台配置化、自助化建设，提升运营效率与质量；', '负责舆情监测、SEO优化、个性化推荐、数据分析/挖掘等系统开发。']","['本科以上学历，2年以上开发经验； ', '至少精通1门开发语言：PHP、C/C++或Python； ', '熟悉Linux开发环境，熟悉LAMP与LNMP Web开发架构优先； ', '具有良好的学习能力、沟通能力、团队合作意识； ', '强烈的责任心与主动性，owner意识，并能自我驱动成长。']"
22989-腾讯云行业架构师（北京）,北京,技术类,2人,"['熟悉传统行业业务（制造业、零售、快销等），并能对传统业务架构组成进行需求分析，同时能针对云计算产品规划出云解决方案，针对云上架构进行优化设计；', '能从网络、服务器、数据中心等不同层面设计传统企业上云的服务架构，能提供IaaS/SaaS/PaaS/DaaS不同层级的解决方案；', '确保重点项目的拆解和落地，推进项目实施以及解决方案可复制，推动跨部门合作，推动架构和产品优化；', '了解行业技术发展变革方向，能针对云服务特点在行业解决方案上有前瞻性布局。']","['有3年以上服务端开发、运维经验，熟悉Java/Scala/Python/PHP/C/C++至少一种开发语言以及对应开发框架，熟悉高并发处理机制，有海量业务的架构、研发、运维、优化经验；', '有成功的传统企业系统的大型应用经验，有面向客户沟通交流、调研需求、宣讲架构的能力，物联网经验优先；', '熟悉Hadoop、Mysql、PostgreSQL、NoSQL、Oracle、Teradata、DB2等数据库中至少一种数据中心建设方案，可以进行产品的独立部署、高可用架构和性能优化，熟悉开源社区解决方案；', '熟悉网络架构、虚拟化、分布式存储，深入理解IT基础设施领域，如服务器、网络设备的技术和架构，有IT交付经验优先；', '具备团队合作经验，学习能力强，抗压能力强；', '具备良好的文档能力，善于总结沟通，清晰表达技术观点和架构意图，能熟练的编写技术文档；', '有一定的项目管理经验，能进行需求管理、期望管理、团队协作管理，有和ISV管理合作经验优先；', '有PMP认证优先。']"
22989-腾讯云行业架构师（成都）,成都,技术类,2人,"['熟悉传统行业业务（制造业、零售、快销等），并能对传统业务架构组成进行需求分析，同时能针对云计算产品规划出云解决方案，针对云上架构进行优化设计；', '能从网络、服务器、数据中心等不同层面设计传统企业上云的服务架构，能提供IaaS/SaaS/PaaS/DaaS不同层级的解决方案；', '确保重点项目的拆解和落地，推进项目实施以及解决方案可复制，推动跨部门合作，推动架构和产品优化；', '了解行业技术发展变革方向，能针对云服务特点在行业解决方案上有前瞻性布局。']","['有3年以上服务端开发、运维经验，熟悉Java/Scala/Python/PHP/C/C++至少一种开发语言以及对应开发框架，熟悉高并发处理机制，有海量业务的架构、研发、运维、优化经验；', '有成功的传统企业系统的大型应用经验，有面向客户沟通交流、调研需求、宣讲架构的能力，物联网经验优先；', '熟悉Hadoop、Mysql、PostgreSQL、NoSQL、Oracle、Teradata、DB2等数据库中至少一种数据中心建设方案，可以进行产品的独立部署、高可用架构和性能优化，熟悉开源社区解决方案；', '熟悉网络架构、虚拟化、分布式存储，深入理解IT基础设施领域，如服务器、网络设备的技术和架构，有IT交付经验优先；', '具备团队合作经验，学习能力强，抗压能力强；', '具备良好的文档能力，善于总结沟通，清晰表达技术观点和架构意图，能熟练的编写技术文档；', '有一定的项目管理经验，能进行需求管理、期望管理、团队协作管理，有和ISV管理合作经验优先；', '有PMP认证优先。']"
SNG07-云测试高级工程师（成都）,成都,技术类,2人,"['负责腾讯云平台产品的测试工作，参与需求分析、设计评审，制定测试计划，设计和执行测试用例，进行缺陷跟踪和软件质量分析，保障和提升软件质量；', '对云平台产品进行自动化测试以及必要的测试工具开发。']","['计算机本科及以上相关专业3年以上工作经验，有后台中间件测试经验者优先考虑；', '熟练掌握C/C++/Java等至少一种编程语言，对PHP/Python/Shell/Perl等至少一门脚本语言有丰富实践经历；', '对云服务、虚拟化、存储、数据库、大数据、网络等有深刻架构理解和测试经验；', '对Linux/Unix操作系统、TCP/IP网络协议、NoSQL、Mysql等关系数据库都有比较深入的理解和实践经验；', '具备自动化测试经验，深刻理解自动化平台和持续集成体系建设者优先；', '有丰富性能、协议或白盒测试经验者优先；', '具备良好的团队合作精神，善于协调沟通，具备较高的问题推动解决能力；', '有不错的工作抗压能力，富有激情，责任心强，做事客观公正。']"
17520-手游后台开发工程师(深圳）,深圳,技术类,2人,"['负责游戏服务器端设计及开发；', '与前台开发以及策划设计人员进行良好的沟通，高效的与前台开发合作设计编码和调试；', '熟练和冷静的应对运营中的突发事件，严格按照运营流程处理事务。']","['本科及以上学历，计算机相关专业；', '具备Unix/Linux下C/C++ 3年以上开发经验；', '精通TCP/IP协议，进程间通讯编程，熟悉Unix/Linux下常用架构设计方法；', '精通C++和面向对象的设计与开发；', '熟悉Unix/Linux操作系统原理，常用工具、Python/Shell等脚本语言等；', '全面的软件知识结构(操作系统、软件工程、设计模式、数据结构、数据库系统、网络安全)；', '具备良好的分析解决问题能力，能独立承担任务和有系统进度把控能力；', '责任心强，良好的对外沟通和团队协作能力，主动，好学。']"
WXG06-122 微信支付商户数据挖掘工程师（深圳）,深圳,技术类,1人,"['负责对微信支付商户特征的分析建模；', '负责对微信支付用户特征的分析建模。']","['3年以上数据分析、数据挖掘相关工作经验；', '熟悉常用的数据聚类、分类、回归、异常检测、深度学习等机器学习算法；', '熟悉数理统计、数据分析及挖掘常用算法；', '熟悉hadoop,spark，有大规模数据处理经验；', '掌握C&C++ 或 Python 语言，具备模型应用实际开发动手能力；', '有金融、电商等相关行业背景知识优先。']"
WXG06-111 微信支付数据分析工程师（深圳）,深圳,技术类,2人,"['挖掘用户属性、支付习惯、消费特征和个人偏好，建立用户画像标签库； ', '挖掘商户的用户特征、行业特征和经营模式特征，建立商户画像标签库；', '负责微信支付创新类产品的数据分析挖掘，建立基于海量数据的数据运营分析体系。']","['计算机相关专业，1年及以上相关工作经验，有计算机与数理统计相关基础；', '熟悉hadoop、spark等分布式计算平台，有大规模数据处理和数据分析挖掘经验；', '熟悉SQL、Scala、Python、Java、C++等其中的至少二种以上编程语言，能实际动手开发；', '有技术追求，有较强的上进心和求知欲，自驱力强，善于学习、总结归纳和项目实践应用，有较强的数据敏感度；', '善于沟通和逻辑表达，良好的团队合作精神和积极主动的沟通意识', '具有金融/风控/信用等项目背景者优先。']"
SNG01-QQ-自然语言处理专家（深圳）,深圳,技术类,1人,"['负责QQ中文本相关场景（如QQ聊天）的算法研究及应用；', '根据实际应用效果不断改进模型或算法；', '跟踪业界最新研究成果，并应用到实际产品中，不断提升算法性能。']","['5年以上NLP研究（含博士及博士后阶段）或相关领域的经验，具有句法语义分析、信息提取、问答系统等相关知识；', '熟练掌握 C/C++ 编程，或熟悉Python编程；', '发表过ACL、SIGIR等论文者优先；', '扎实的数学、数据结构基础，优秀的英文阅读能力，沟通交流能力强，工作积极主动，良好的团队协作能力。']"
SNG01-QQ-图像处理专家（深圳）,深圳,技术类,1人,"['负责QQ图像视频等的内容优化及增强，智能根据不同的场景使用不同的处理方案，使用的方法包括传统方法或深度学习方法； ', '负责推动研究进展在实际场景的落地及根据用户行为不断优化；', '跟踪业界最新研究进展，并应用到实际产品中。']","['5年以上图像处理相关领域相关研究或工作经验；', '熟练掌握 C/C++ 编程，或熟悉Python编程；', '有图像分类、语义分割经验者优先；', '发表过CVPR、SIGGRAPH等论文者优先；', '扎实的数学、数据结构基础，优秀的英文阅读能力，沟通交流能力强，工作积极主动，良好的团队协作能力。']"
TEG13-视觉算法工程师（深圳）,深圳,技术类,1人,"['搭建基于图像特征/CNN的图像/视频中的文字信息检测模型并优化；', '搭建基于CNN/LSTM的中文、英文等多语种OCR识别模型并优化；', '模型压缩及优化，提高算法速度，性能；', '追踪前沿的文字检测/识别技术并复现，优化。']","['硕士或以上学历，信号处理、计算机、电子信息、自动化、模式识别等相关专业；', '2年以上计算机视觉领域相关工作经验，图像检测/识别，视频分析/目标追踪领域有深入的了解；熟悉经典的机器学习、深度学习算法并有实践经验，包括LR、SVM、GBDT、DNN、LSTM等；对算法优化有一定经验，有效提升准确率；', '精通至少一个主流深度学习工具包（caffe，Tensorflow, mxnet，pyTorch）；', '精通 C/C++, 编程能力强；熟悉 Linux 环境开发；', '熟悉一门脚本语言（Perl, Python, Ruby）；', '熟练CUDA编程，多GPU并行计算者优先；', '在国际顶级会议期刊上发表过成果者优先；', '良好的沟通能力与团队协作精神。']"
SNG11-QQ业务高级技术运营工程师（深圳）,深圳,技术类,1人,"['负责QQ等业务的业务运维工作；', '负责业务支撑系统的开发与维护。']","['计算机相关专业本科及以上学历，3年以上开发工作经验；', '熟悉Unix/Linux操作系统、计算机网络；', '熟悉Unix/Linux操作系统下的C/C++/Python开发；', '熟悉Web前端开发技术，HTML5/CSS3/JavaScript等；', '具备良好的分析解决问题能力，有良好的团队合作能力，善于沟通；', '有大型网管系统或者互联网运营平台开发和架构经验者优先。']"
SNG11-视频云高级业务运维工程师（深圳）,深圳,技术类,1人,"['负责视频云直播相关产品的后台运营规划、架构优化、成本优化、高可用运维等技术运营工作；', '把握趋势，在业务向移动化、云化发展的同时，对运维系统提出新时代建设要求，吸收业界先进技术，帮助业务稳定健壮的发展。']","['计算机或相关专业本科或以上学历；', '熟练使用Linux/unix操作系统，精通Shell编程，并熟练掌握Perl、PHP、Python之一的编程，熟悉TCP/IP、HTTP等协议，有良好的网络、存储、安全、计算机体系结构方面的知识；', '有linux系统调优经验者优先；', '有服务器集群的管理经验；', '具备视频维护经验优先考虑；', '熟悉CDN服务经验者优先；', '熟悉互联网产品基本架构，有互联网产品研发或运维经验者优先考虑；', '工作细致、善于思考，有很强的数据分析和问题解决能力；', '强烈的责任心、良好的沟通和协调能力。']"
MIG03-高级智能创新产品测试开发工程师,深圳,技术类,1人,"['负责VR、微桌面等创新业务的测试及测试开发工作。', '分析系统相关的需求、设计、架构等，制订相应的测试策略和测试计划，从全流程的角度，设计相应的测试方法，达成项目质量目标；', '跟进建设自动化测试和性能测试，并组织实施，在保障系统的正确性、安全性、健壮性下，为团队探索和引进行业相关测试技术和理念，帮助团队在质量和效率上的提升。', '能推动开发团队开展CR、UT等质量保障工作，提升产品的提测质量。']","['计算机相关专业本科以上学历，三年以上软件测试、测试开发或开发经验，精通软件开发或测试理论和方法；', '有终端产品开发或测试经验，对需求的理解深入，能够参与项目的架构设计评估，并根据项目特点制定测试方案，设计高效的测试方法、测试用例并执行；', '编程基础扎实，熟悉算法数据结构，具有一定C++或java或Python开发或测试开发经验；', '具备良好的沟通协调和团队协作能力，和优秀的发现问题、分析问题、解决问题的能力，有强烈的责任心和积极主动的工作态度；', '对VR、AI等新领域有强烈兴趣，', '具有单元测试经验者优先。']"
22989-腾讯云安全运维工程师（深圳）,深圳,技术类,1人,"['1、负责云安全相关产品（主要为网络安全、主机安全等）的日常运维;', '2、对云安全相关运营系统进行规划完善；', '3、管理并推动安全运营相关项目落地；', '4、开发工具，对接平台接口，参与平台工具脚本的编写。']","['1. 3年以上运维开发或者运维平台建设经验；', '2. 有安全相关行业工作经验；', '3. 具备良好的沟通能力与项目管理能力；', '4. 熟悉多种开源组件：KVM、Nginx、tomcat、Jenkins、Git、Maven、Memcached、Redis、Mysql/SQL等；', '5. 熟悉Linux系统管理维护，熟悉HTTP协议、TCP/IP网络协议；', '6. 熟悉shell脚本语言，以及Python开发语言；', '7. 具备良好的合作精神和快速学习能力；', '8. 有云平台运维经验者优先（阿里云、AWS等）', '9、熟悉各种运维开源运维系统以及开源监控系统的优先', '10、有互联网安全运维工作经验者优先。']"
22989-腾讯云运维交付工程师（深圳）,深圳,技术类,1人,"['1、负责私有云产品持续集成交付系统设计、开发、持续优化（部署安装调试、工具开发、平台实际落地）', '2、能够完成面向客户的技术交流、方案编写，并能提供解决方案及技术建议方案；', '3、对新技术热情，对开源热情，能够整合开源技术提高交付效率。']","['1. 2年以上运维开发或者运维平台建设经验', '2. 熟悉多种开源组件：KVM、Nginx、tomcat、Jenkins、Git、Maven、Memcached、Redis、Mysql/SQL等；', '3. 熟悉Linux系统管理维护，熟悉HTTP协议、TCP/IP网络协议；', '4. 熟悉shell脚本语言，以及Python开发语言；', '5. 具备良好的合作精神和快速学习能力；', '6. 有云平台运维经验者优先（阿里云、AWS 等）、有持续集成及持续部署经验者优先、有日志管理经验者优先、熟悉 openstack/kubernate/mesos/spinnaker技术者优先、有ansible开发经验者优先', '7、熟悉各种运维开源运维系统以及开源监控系统的优先', '8、有互联网运维工作经验者优先。']"
WXG01-122 微信数据科学家,广州,技术类,1人,"['分析业务基础数据和用户行为数据，从中发现问题、研究问题并探索解决方案；', '设计AB测试实验方案以验证问题和分析结果，并将实验分析结果转化为可行的产品和运营策略；', '探索产品生命周期、产品健康指数、产品增长机会等；', '挖掘用户行为，并建立用户行为属性标签、特定用户群模型、用户社交关系网络模型等；', '支持和增强业务的数据分析和数据决策能力；']","['硕士以上学历，计算机科学、信息科学、人机交互、统计学、应用数学等领域专业；', '4年以上数据分析工作经验；', '4年以上为产品、运营或其他部门提供分析性洞察和报告的经验；', '有系统化搭建用户行为数据指标和用户知识图谱的经验；', '有设计和分析AB 测试实验的经验；', '熟练掌握SQL或其他数据库语言；', '熟练使用R、SAS等工具进行数据处理和数据建模；', '熟练使用Python、C/C++或Java等编程语言；', '有较强的数据洞察力、逻辑思维能力和分析总结能力；', '有良好的团队沟通和团队协作能力；', '符合以下条件优先：', '博士以上学历；', '有Hive、Hadoop、Spark等平台的海量数据处理经验；', '有社交领域数据驱动或增长黑客经验；']"
WXG01-122 微信数据挖掘工程师（广州）,广州,技术类,2人,"['挖掘用户在不同功能场景下的行为特征，并建立用户行为属性标签库；', '挖掘用户属性、喜好和情感，并建立完整的用户画像标签库；', '挖掘用户社交关系链，并建立社交传播网络模型和用户社群模型；', '建立用户个性化推荐系统；', '建立产品和用户健康度评估系统。']","['硕士以上学历，计算机科学、信息科学、机器学习等领域专业；', '4年以上大规模数据挖掘、机器学习或自然语言处理的工作经验；', '熟悉分类、回归、聚类、深度学习等常见的机器学习算法及原理，具有模型应用和调优的能力；', '精通Python、C/C++、Java等编程语言进行数据挖掘；', '精通R、SAS等工具进行数据处理和数据建模；', '有良好的团队沟通和团队协作能力；', '符合以下条件优先：', '博士以上学历；', '有Hive、Hadoop、Spark等平台的海量数据挖掘经验；', '有用户行为相关的数据挖掘经验；']"
WXG08-122 微信数据挖掘算法工程师（广州，北京）,广州,技术类,1人,"['负责用户兴趣标签的提取挖掘；', '负责用户的人群挖掘和协同挖掘；', '负责第三方用户行为分析和画像挖掘；', '负责公众号、资讯文章基础属性的挖掘； ', '负责海量数据挖掘算法的研究和应用。']","['计算机、数学、统计等相关专业本科及以上学历；', '三年以上大规模数据挖掘、机器学习或自然语言处理相关工作经验；', '三年以上搜索、推荐或广告系统相关算法工作经验；', '符合以下一项或多项更优：', '熟悉聚类、分类、回归、图模型等机器学习算法及原理；', '具有深度神经网络DNN理论基础及实战经验；', '熟悉自然语言处理，文本挖掘的算法原理，有实际建模经验或并行化经验；', '熟悉C/C++、python、Java等编程语言与工具（一项或多项）；', '熟悉Linux/Unix平台上的开发环境；', '熟悉MPI、MapReduce、Spark等并行计算框架。']"
18428-金融应用高级运维工程师（深圳）,深圳,技术类,2人,"['负责金融应用的运维和规划，包括日常运营、成本分析、架构优化等工作；', '通过技术手段、流程制度、容灾演练等措施，推动系统架构的健壮性，保障运营质量；', '结合实际情况，规划和建设运维工具平台，提升运营效率；']","['本科及以上学历，计算机或相关专业；', '3年以上Linux运维工作经验，并有100台以上Linux服务器运维经验；', '熟悉大型Web系统架构，以及相关应用的部署调优，包括：Web服务器、负载均衡、消息队列、数据库、高可用解决方案等；', '精通Python、Shell或其他编程语言，有C、Java或PHP开发经验者优先；', '了解行业内新技术、新产品的发展方向，善于学习，有较好的技术敏感度；', '责任感强，有较强的逻辑思维能力、沟通能力、项目管理及推动能力。']"
MIG16-腾讯地图自然语言处理高级工程师(北京),北京,技术类,1人,"['负责腾讯POI搜索服务查询处理模块的研发工作，包括query意图识别、query纠错、query改写等；', '负责自然语言处理基础工具的研发工作，包括分词、实体识别等。']","['本科以上学历,2年以上工作经历,计算机、应用数学、自动化、电子等相关专业;', '熟练掌握C和C++编程,熟悉Linux下Shell或Python编程,熟悉CMake,GDB等工具;', '扎实的数学基础,良好的数学建模能力和英文论文阅读能力;', '2-3年自然语言处理、机器学习等相关工作经验;熟练掌握各种自然语言处理相关的机器学习模型,包括HMM、CRF等优先考虑:', '了解深度学习理论,有实际经验优先。']"
HY1-用户画像大数据分析工程师（深圳）,深圳,技术类,1人,"['基于腾讯游戏海量用户以及用户游戏行为，建设基于游戏标签的用户画像；', '建设支持海量数据分析挖掘，机器学习与决策支持的系统，为游戏安全产品特性提供数据支持。']","['计算机或相关专业本科及以上学历，1年以上相关工作经验；', '责任感强，有较强的学习能力，逻辑思维能力，沟通能力，团队合作能力以及抗压能力；', '有较高的数据敏感性，熟悉常见机器学习算法；', '有linux使用经验，能够熟练使用python进行海量数据分析；', '熟悉深度学习理论，并有相关工作经验和成功实践经验者优先。']"
